DEBKGID;NNID;NAME;RS;OBA;KFZ;GEOLA;GEOBR;GKRE;GKHO;UTMRE;UTMHO
DEBKGDL20000E09W;DEBKGGND00001GXG;Ahrweiler;07131;AX_KreisRegion (Landkreis);AW;070241;502803;3361262.387718042;5594242.904947102;361242.67351459956;5592445.943886978
DEBKGDL20000DXC9;DEBKGGND00001I1R;Aichach-Friedberg;09771;AX_KreisRegion (Landkreis);AIC  FDB;110310;482539;3651986.0465467926;5367546.0959312;651849.6935602885;5365838.105469814
DEBKGDL20000E15K;DEBKGGND00001EL9;Alb-Donau-Kreis;08425;AX_KreisRegion (Landkreis);UL;094033;482052;3550163.619539565;5356890.314130571;550068.1785403717;5355186.990382587
DEBKGDL20000E3TM;DEBKGGND00001BZF;Altenburger Land;16077;AX_KreisRegion (Landkreis);ABG  SLN;122357;505723;3738878.2448340463;5652298.8263979005;738708.602247474;5650475.716781135
DEBKGDL20000E5OP;DEBKGGND00003ETK;Altenkirchen (Westerwald);07132;AX_KreisRegion (Landkreis);AK;075316;504743;3421659.620679839;5629463.745006214;421616.25201288454;5627652.534789168
DEBKGDL20000E3D8;DEBKGGND00001GQO;Altmarkkreis Salzwedel;15081;AX_KreisRegion (Landkreis);SAW  GA  KLZ;111338;524047;3650699.2121769874;5840880.281393231;650567.2370498853;5838982.084604218
DEBKGDL20000E5SN;DEBKGGND00001JV6;Altötting;09171;AX_KreisRegion (Landkreis);AÖ  LF;124219;481235;3775436.8732270086;5347951.08516202;775250.4495221707;5346250.755055457
DEBKGDL20000DZXV;DEBKGGND00001H40;Alzey-Worms;07331;AX_KreisRegion (Landkreis);AZ;080926;494534;3439354.580223941;5513989.598350712;439303.6681415129;5512223.887801566
DEBKGDL20000E0H3;DEBKGGND00001HFW;Amberg;09361;AX_KreisRegion (Kreisfreie Stadt);AM;115121;492633;3707174.6628169357;5482318.067997169;707016.5243888836;5480563.832417918
DEBKGDL20000E1GZ;DEBKGGND0000194R;Amberg-Sulzbach;09371;AX_KreisRegion (Landkreis);AS  BUL  ESB  NAB  SUL;114835;492130;3704185.956805759;5472826.968655532;704028.9813070623;5471076.569997665
DEBKGDL20000E1YA;DEBKGGND00001E2X;Ammerland;03451;AX_KreisRegion (Landkreis);WST;080048;531307;3434159.3398595704;5898948.82116666;434114.4756466771;5897030.605117538
DEBKGDL20000E6XU;DEBKGGND00001C7V;Anhalt-Bitterfeld;15082;AX_KreisRegion (Landkreis);ABI  AZE  BTF  KÖT  ZE;121233;513853;3722173.4829137693;5728616.032350978;722011.2322725165;5726762.437706543
DEBKGDL20000E6ZL;DEBKGGND00001CIS;Ansbach;09571;AX_KreisRegion (Landkreis);AN  DKB  FEU  ROT;101803;491337;3594819.570546988;5455253.081778281;594706.4051854769;5453510.212118386
DEBKGDL20000E692;DEBKGGND00001A80;Ansbach;09561;AX_KreisRegion (Kreisfreie Stadt);AN;103419;491809;3614395.65546252;5464029.479987939;614274.692244733;5462283.00743894
DEBKGDL20000E2X8;DEBKGGND00001C40;Aschaffenburg;09671;AX_KreisRegion (Landkreis);AB  ALZ;091349;500240;3516573.173026126;5545385.573732792;516491.7469696751;5543606.958247255
DEBKGDL20000E2XA;DEBKGGND00001GEL;Aschaffenburg;09661;AX_KreisRegion (Kreisfreie Stadt);AB;090852;495825;3510679.6225533043;5537470.880765599;510600.5061801704;5535695.457412752
DEBKGDL20000E0BJ;DEBKGGND00001ID9;Augsburg;09772;AX_KreisRegion (Landkreis);A  SMÜ  WER;104355;482114;3628435.0424126224;5358798.095058319;628308.1096192033;5357093.655574206
DEBKGDL20000DXCC;DEBKGGND00001977;Augsburg;09761;AX_KreisRegion (Kreisfreie Stadt);A;105333;482211;3640294.8877866;5360827.557674348;640163.2358144778;5359122.30186309
DEBKGDL20000E5TF;DEBKGGND00001IW8;Aurich;03452;AX_KreisRegion (Landkreis);AUR  NOR;072241;532920;3392412.6598132807;5929821.999351724;392384.8231791164;5927892.100107933
DEBKGDL20000E0N3;DEBKGGND00001A9O;Bad Dürkheim;07332;AX_KreisRegion (Landkreis);DÜW;080637;492711;3435556.6863774606;5479942.7158409115;435507.12109741766;5478190.523329165
DEBKGDL20000E33L;DEBKGGND00001JDF;Bad Kissingen;09672;AX_KreisRegion (Landkreis);KG  BRK  HAB;095753;501321;3568926.7992371623;5565603.042949251;568824.5159843552;5563815.997541244
DEBKGDL20000E1NB;DEBKGGND00001ER9;Bad Kreuznach;07133;AX_KreisRegion (Landkreis);KH;074112;494929;3405566.3030646383;5521745.870696742;405528.8123532324;5519977.222071251
DEBKGDL20000E1TW;DEBKGGND00001F3F;Bad Tölz-Wolfratshausen;09173;AX_KreisRegion (Landkreis);TÖL  WOR;112859;474338;3686343.5526713287;5290640.508919723;686192.692767266;5288963.612960136
DEBKGDL20000DX2G;DEBKGGND00001BOI;Baden-Baden;08211;AX_KreisRegion (Stadtkreis);BAD;081424;484542;3444196.81769222;5402976.4308404;444143.688427288;5401254.697498057
DEBKGDL20000E5AI;DEBKGGND00001983;Bamberg;09461;AX_KreisRegion (Kreisfreie Stadt);BA;105312;495336;3635644.1042776858;5530257.115898094;635515.084537774;5528483.976991234
DEBKGDL20000E64V;DEBKGGND00001IZX;Bamberg;09471;AX_KreisRegion (Landkreis);BA;110256;495439;3647234.6146778516;5532511.669537698;647100.9397795578;5530737.551760924
DEBKGDL20000E0B1;DEBKGGND00001B0T;Barnim;12060;AX_KreisRegion (Landkreis);BAR  BER  EW;134212;524923;3817039.3066719873;5864867.954726414;816840.7278069792;5862958.307224348
DEBKGDL20000HFQL;DEBKGGND00001DP8;Bautzen;14625;AX_KreisRegion (Landkreis);BZ  BIW  HY  KM;141352;511608;3865043.5479822992;5694563.509476819;864823.560283985;5692721.987105311
DEBKGDL20000E19E;DEBKGGND00001AOU;Bayreuth;09472;AX_KreisRegion (Landkreis);BT  EBS  ESB  KEM  MÜB  PEG;114327;495815;3695488.8506007423;5540728.15505659;695335.8053883993;5538950.398489333
DEBKGDL20000E338;DEBKGGND00001AI5;Bayreuth;09462;AX_KreisRegion (Kreisfreie Stadt);BT;113417;495644;3684627.1358206817;5537525.317440014;684478.4304249119;5535748.933144989
DEBKGDL20000E5ZA;DEBKGGND00001IWX;Berchtesgadener Land;09172;AX_KreisRegion (Landkreis);BGL  BGD  LF  REI;125944;473544;3800539.520752481;5280747.057933822;800342.7483815846;5279073.6469339365
DEBKGDL20000E6ZT;DEBKGGND00001A97;Bergstraße;06431;AX_KreisRegion (Landkreis);HP;083752;494022;3473452.344476269;5504064.453122722;473387.73929771176;5502302.546162257
DEBKGDL20000E0P4;DEBKGGND00001JUP;Berlin;11000;AX_KreisRegion (Kreisfreie Stadt);B;132420;523104;3799056.8998373123;5829638.3444120595;798865.1121411794;5827743.15711537
DEBKGDL20000E6GQ;DEBKGGND00001CQ4;Bernkastel-Wittlich;07231;AX_KreisRegion (Landkreis);WIL  BKS;065803;495528;3354127.26454493;5533990.431160261;354110.0921067381;5532217.139914079
DEBKGDL20000E1E7;DEBKGGND00001G3B;Biberach;08426;AX_KreisRegion (Landkreis);BC;094211;480437;3552464.3940124223;5326772.9202596415;552368.073882668;5325081.686749508
DEBKGDL20000E4DX;DEBKGGND0000191E;Bielefeld;05711;AX_KreisRegion (Kreisfreie Stadt);BI;083156;520114;3467954.878790505;5765295.850062956;467894.5992984329;5763430.2882543085
DEBKGDL20000E0FC;DEBKGGND00001JXP;Birkenfeld;07134;AX_KreisRegion (Landkreis);BIR;071639;494245;3375854.4450387238;5509847.769517335;375828.62980083574;5508083.94455253
DEBKGDL20000E45Q;DEBKGGND00001DGY;Bochum;05911;AX_KreisRegion (Kreisfreie Stadt);BO  WAT;071302;512858;3376231.832808921;5706853.564872236;376206.98526457435;5705012.20989216
DEBKGDL20000E738;DEBKGGND00001GK7;Bodenseekreis;08435;AX_KreisRegion (Landkreis);FN;092404;474401;3530163.5447319513;5288431.677797159;530076.2666291274;5286755.791816836
DEBKGDL20000E68K;DEBKGGND00001FSL;Bonn;05314;AX_KreisRegion (Kreisfreie Stadt);BN;070557;504403;3365886.434176851;5623804.1474059345;365865.09667554556;5621995.521087648
DEBKGDL20000E5UN;DEBKGGND00001BEU;Borken;05554;AX_KreisRegion (Kreis);BOR  AH  BOH;065021;515105;3351182.3460339573;5748573.927759065;351167.795707586;5746716.455226758
DEBKGDL20000E3DX;DEBKGGND00001GRJ;Bottrop;05512;AX_KreisRegion (Kreisfreie Stadt);BOT;065548;513125;3356409.9273646497;5711938.761939995;356392.94152057427;5710095.577303465
DEBKGDL20000E2GG;DEBKGGND00001FN4;Brandenburg an der Havel;12051;AX_KreisRegion (Kreisfreie Stadt);BRB;123348;522431;3742522.525509651;5814354.546962512;742353.2117961519;5812466.096870937
DEBKGDL20000E3JY;DEBKGGND00001AEV;Braunschweig;03101;AX_KreisRegion (Kreisfreie Stadt);BS;103114;521545;3603884.05784851;5793201.454579794;603770.1867385193;5791322.775573668
DEBKGDL20000E07H;DEBKGGND00001EPO;Breisgau-Hochschwarzwald;08315;AX_KreisRegion (Landkreis);FR;074508;475302;3406756.053822777;5305837.653361075;406717.79310141824;5304154.478387038
DEBKGDL20000E0SG;DEBKGGND00001A5Z;Bremen;04011;AX_KreisRegion (Kreisfreie Stadt);HB;084834;530432;3487293.19640169;5882610.599630834;487226.97199535277;5880698.115174018
DEBKGDL20000001Q;DEBKGGND00001H1I;Bremerhaven;04012;AX_KreisRegion (Kreisfreie Stadt);HB;083441;533235;3472100.0493476745;5934696.888310837;472040.6130080173;5932763.932398092
DEBKGDL20000E24A;DEBKGGND00001DNG;Burgenlandkreis;15084;AX_KreisRegion (Landkreis);BLK  HHM  NEB  NMB  WSF  ZZ;115302;510850;3701856.560523076;5671991.343994594;701701.8777154301;5670160.81237908
DEBKGDL20000E096;DEBKGGND00001G00;Böblingen;08115;AX_KreisRegion (Landkreis);BB  LEO;085634;484041;3495856.187709034;5393393.8547771;495782.5082296974;5391675.940663721
DEBKGDL20000E5MU;DEBKGGND00001DKY;Börde;15083;AX_KreisRegion (Landkreis);BK  BÖ  HDL  OC  OK  WMS  WZL;112052;521314;3660500.9794001076;5790032.438423104;660364.4487092303;5788154.768733437
DEBKGDL20000E6O9;DEBKGGND00001I55;Büsingen am Hochrhein;083355002015;AX_Gemeinde;BÜS;084125;474150;3476834.065781409;5284357.50998708;476767.98388341645;5282683.023411002
DEBKGDL20000E449;DEBKGGND00001BQL;Calw;08235;AX_KreisRegion (Landkreis);CW;083809;484044;3473256.109897769;5393543.459088992;473191.43326760636;5391825.49450038
DEBKGDL20000DXIJ;DEBKGGND00001IZY;Celle;03351;AX_KreisRegion (Landkreis);CE;100613;524248;3574654.6105134427;5842839.551569725;574553.1277445161;5840941.575221173
DEBKGDL20000E5ZR;DEBKGGND00001CJF;Cham;09372;AX_KreisRegion (Landkreis);CHA  KÖZ  ROD  WÜM;124144;491413;3769178.655112594;5462129.869789568;768995.1848881916;5460383.496904189
DEBKGDL20000HFPT;DEBKGGND00001G3X;Chemnitz;14511;AX_KreisRegion (Kreisfreie Stadt);C;125518;505001;3776301.9515367015;5640470.055776876;776116.8470179872;5638651.486264132
DEBKGDL20000E368;DEBKGGND00001IQ1;Cloppenburg;03453;AX_KreisRegion (Landkreis);CLP;075624;525353;3428738.346753125;5863351.258431851;428695.12168243027;5861447.28430044
DEBKGDL20000E1GL;DEBKGGND00001DBS;Coburg;09473;AX_KreisRegion (Landkreis);CO  NEC;105002;501134;3631033.978554638;5563474.708249284;630906.9687409145;5561688.18975679
DEBKGDL20000E24O;DEBKGGND00001DDN;Coburg;09463;AX_KreisRegion (Kreisfreie Stadt);CO;105737;501534;3639849.611421814;5571099.285051705;639719.1336312686;5569309.645096518
DEBKGDL20000E6ZK;DEBKGGND00001H30;Cochem-Zell;07135;AX_KreisRegion (Landkreis);COC  ZEL;071028;500758;3369552.2315539806;5556773.999921042;369529.1044645749;5554991.698115901
DEBKGDL20000E0XU;DEBKGGND000019E4;Coesfeld;05558;AX_KreisRegion (Kreis);COE  LH;072159;515200;3387548.882377773;5749338.842719156;387520.0591760508;5747480.734391571
DEBKGDL20000E18R;DEBKGGND000019A3;Cottbus;12052;AX_KreisRegion (Kreisfreie Stadt);CB;142006;514534;3868315.393282394;5749613.915740267;868094.8324526488;5747749.903696668
DEBKGDL20000E0P8;DEBKGGND00001DV7;Cuxhaven;03352;AX_KreisRegion (Landkreis);CUX;084843;533659;3487630.0824820283;5942789.876586216;487564.5860844997;5940853.484440788
DEBKGDL20000E0SP;DEBKGGND00001JOK;Dachau;09174;AX_KreisRegion (Landkreis);DAH;112126;482004;3674832.7660026983;5357871.64829743;674687.0682581803;5356167.546168184
DEBKGDL20000E6HD;DEBKGGND00001EY0;Dahme-Spreewald;12061;AX_KreisRegion (Landkreis);LDS  KW  LC  LN;135523;520043;3837984.784651524;5775692.684534547;837776.7055960319;5773818.62148638
DEBKGDL20000DZD5;DEBKGGND00001AKD;Darmstadt;06411;AX_KreisRegion (Kreisfreie Stadt);DA;083924;495224;3475390.1177186063;5526361.1937395865;475324.88916250336;5524590.416772599
DEBKGDL20000E35U;DEBKGGND00001J5F;Darmstadt-Dieburg;06432;AX_KreisRegion (Landkreis);DA  DI;085502;495309;3494125.077188944;5527705.833894501;494052.4222275415;5525934.390524837
DEBKGDL20000E05N;DEBKGGND000019TV;Deggendorf;09271;AX_KreisRegion (Landkreis);DEG;130003;484643;3794081.955247021;5412296.553519624;793888.2742486008;5410570.167969552
DEBKGDL20000E023;DEBKGGND00001BC3;Delmenhorst;03401;AX_KreisRegion (Kreisfreie Stadt);DEL;083748;530260;3475266.5675617857;5879794.77428323;475205.07775136176;5877883.585268336
DEBKGDL20000E19O;DEBKGGND00001EUR;Dessau-Roßlau;15001;AX_KreisRegion (Kreisfreie Stadt);DE  RSL;121431;514951;3723529.0379785034;5749058.004578924;723366.4845853919;5747196.135432129
DEBKGDL20000E3FV;DEBKGGND00001B54;Diepholz;03251;AX_KreisRegion (Landkreis);DH  SY;084204;524342;3479883.721247413;5843977.161609144;479819.8649904395;5842080.15045329
DEBKGDL20000E661;DEBKGGND00003ETP;Dillingen a.d. Donau;09773;AX_KreisRegion (Landkreis);DLG  WER;103140;483547;3612765.0261468003;5385432.410741791;612644.4236205599;5383717.438604628
DEBKGDL20000E1CD;DEBKGGND00001EZV;Dingolfing-Landau;09279;AX_KreisRegion (Landkreis);DGF  LAN;123638;483828;3766131.71694062;5395579.123089857;765949.1601963965;5393859.613677785
DEBKGDL20000E14G;DEBKGGND00001GLR;Dithmarschen;01051;AX_KreisRegion (Kreis);HEI  MED;090630;540803;3507142.0878720577;6000406.697123138;507070.0374430911;5998447.047460367
DEBKGDL20000E6JJ;DEBKGGND00001B5M;Donau-Ries;09779;AX_KreisRegion (Landkreis);DON  NÖ;104246;484825;3625879.8790207626;5409121.036625312;625754.0961164495;5407396.460466522
DEBKGDL20000DZR4;DEBKGGND000019OD;Donnersbergkreis;07333;AX_KreisRegion (Landkreis);KIB  ROK;075454;493755;3421698.532813175;5500036.057879181;421654.59400758275;5498275.9290021695
DEBKGDL20000E44H;DEBKGGND00001EGV;Dortmund;05913;AX_KreisRegion (Kreisfreie Stadt);DO;072751;513051;3393461.037143491;5709966.069688984;393429.41435402876;5708123.336413834
DEBKGDL20000HFPU;DEBKGGND00001A8J;Dresden;14612;AX_KreisRegion (Kreisfreie Stadt);DD;134413;510306;3832143.712248633;5668086.384836588;831936.3571254471;5666255.9822192155
DEBKGDL20000DYMR;DEBKGGND00001JVI;Duisburg;05112;AX_KreisRegion (Kreisfreie Stadt);DU;064556;512560;3344690.3889902164;5702214.652850479;344677.93313395476;5700375.393104871
DEBKGDL20000E10L;DEBKGGND00001BJ3;Düren;05358;AX_KreisRegion (Kreis);DN  JÜL  MON  SLE;062645;504904;3320083.426649505;5634475.152850757;320080.1445281209;5632662.652328023
DEBKGDL20000E3B7;DEBKGGND00001JKR;Düsseldorf;05111;AX_KreisRegion (Kreisfreie Stadt);D;064648;511327;3345001.351531293;5678931.245819039;344988.5759802106;5677101.127308338
DEBKGDL20000DYNN;DEBKGGND00001HCF;Ebersberg;09175;AX_KreisRegion (Landkreis);EBE;115448;480434;3717147.422399795;5330559.36685258;716984.3694710186;5328866.170459347
DEBKGDL20000DZFG;DEBKGGND00001AIJ;Eichsfeld;16061;AX_KreisRegion (Landkreis);EIC  HIG  WBS;101512;512301;3587318.321158081;5695067.887231855;587210.0171058519;5693229.116750937
DEBKGDL20000E05M;DEBKGGND00001F9R;Eichstätt;09176;AX_KreisRegion (Landkreis);EI;112213;485353;3673868.738221183;5420569.71225385;673723.7416190525;5418840.343008782
DEBKGDL20000E5QG;DEBKGGND00001G1J;Eifelkreis Bitburg-Prüm;07232;AX_KreisRegion (Landkreis);BIT  PRÜ;062437;500343;3314653.1819546004;5550508.861541602;314651.6238636015;5548729.229099037
DEBKGDL20000DXK8;DEBKGGND00001AQ7;Eisenach;16056;AX_KreisRegion (Kreisfreie Stadt);EA;101921;505838;3592946.1450084867;5649952.214841514;592835.0321917331;5648131.4908578005
DEBKGDL20000E10F;DEBKGGND00001GWI;Elbe-Elster;12062;AX_KreisRegion (Landkreis);EE  FI  LIB;132735;513644;3808929.1667877957;5729183.613214974;808732.2397307616;5727328.5699467985
DEBKGDL20000003X;DEBKGGND00001CLI;Emden;03402;AX_KreisRegion (Kreisfreie Stadt);EMD;071221;532214;3380662.6911739544;5916917.826968029;380639.33757904364;5914993.218911815
DEBKGDL20000E6TH;DEBKGGND00001DVC;Emmendingen;08316;AX_KreisRegion (Landkreis);EM;075351;480855;3418046.6546272007;5335095.682534884;418003.8936550483;5333400.869872812
DEBKGDL20000E22F;DEBKGGND00001GX8;Emsland;03454;AX_KreisRegion (Landkreis);EL;072409;524415;3392177.6631746027;5846167.004463687;392148.72454437474;5844270.386260256
DEBKGDL20000E45O;DEBKGGND00001A3S;Ennepe-Ruhr-Kreis;05954;AX_KreisRegion (Kreis);EN  WIT;071847;512056;3382558.7162437825;5691823.513554705;382531.2683233917;5689987.982645999
DEBKGDL20000E44A;DEBKGGND00001EP5;Enzkreis;08236;AX_KreisRegion (Landkreis);PF;084940;485503;3487458.331773884;5420021.091569047;487388.0122126869;5418292.547199367
DEBKGDL20000DY6S;DEBKGGND00001A6V;Erding;09177;AX_KreisRegion (Landkreis);ED;120002;481801;3722685.660926131;5355742.509235966;722520.5084714633;5354039.085006759
DEBKGDL20000DXLQ;DEBKGGND00001I6J;Erfurt;16051;AX_KreisRegion (Kreisfreie Stadt);EF;110138;505838;3642445.0106612877;5651058.788438674;642314.1552860315;5649237.109195981
DEBKGDL20000DWAX;DEBKGGND000019PB;Erlangen;09562;AX_KreisRegion (Kreisfreie Stadt);ER;110018;493542;3645022.430213206;5497308.032222278;644889.4265755884;5495548.1147365505
DEBKGDL20000E0FD;DEBKGGND00001JRC;Erlangen-Höchstadt;09572;AX_KreisRegion (Landkreis);ERH  HÖS;105627;494012;3640170.5233152756;5505510.819296856;640039.5213972903;5503747.624441341
DEBKGDL20000HFPZ;DEBKGGND000019OO;Erzgebirgskreis;14521;AX_KreisRegion (Landkreis);ERZ  ANA  ASZ  AU  MAB  MEK  STL  SZB  ZP;125641;503632;3779260.9118497157;5615575.867839636;779074.3291460573;5613767.336485645
DEBKGDL20000E4ZN;DEBKGGND00001CYW;Essen;05113;AX_KreisRegion (Kreisfreie Stadt);E;070045;512721;3361940.0629490223;5704231.901707365;361920.8342166996;5702391.693385391
DEBKGDL20000E5HV;DEBKGGND00001AH5;Esslingen;08116;AX_KreisRegion (Landkreis);ES  NT;092209;483853;3527286.8376931497;5390112.236159958;527200.5922696235;5388395.615856124
DEBKGDL20000E4EB;DEBKGGND00001A5R;Euskirchen;05366;AX_KreisRegion (Kreis);EU  SLE;063838;503211;3333047.101090609;5602717.673364537;333038.51477697486;5600917.513614239
DEBKGDL20000002R;DEBKGGND00001CY8;Flensburg;01001;AX_KreisRegion (Kreisfreie Stadt);FL;092615;544657;3528216.7957054456;6072667.430733515;528137.9545382981;6070678.667689761
DEBKGDL20000DZV7;DEBKGGND00001EOG;Forchheim;09474;AX_KreisRegion (Landkreis);FO  EBS  PEG;111023;494315;3656772.494308924;5511639.27283101;656634.8584514813;5509873.505530183
DEBKGDL20000E3CK;DEBKGGND00001JZ9;Frankenthal (Pfalz);07311;AX_KreisRegion (Kreisfreie Stadt);FT;082115;493208;3453335.7686044057;5488949.901289202;453279.16076966916;5487194.076793024
DEBKGDL20000E71E;DEBKGGND00001J6Z;Frankfurt (Oder);12053;AX_KreisRegion (Kreisfreie Stadt);FF;143304;522030;3878242.4271607753;5815457.826163535;878018.6707558351;5813567.267081044
DEBKGDL20000DZ72;DEBKGGND00001CAB;Frankfurt am Main;06412;AX_KreisRegion (Kreisfreie Stadt);F;084057;500639;3477359.1399041954;5552788.545552796;477293.30906578095;5551007.249774674
DEBKGDL20000E07G;DEBKGGND00001A6I;Freiburg im Breisgau;08311;AX_KreisRegion (Stadtkreis);FR;075060;475941;3414239.200261621;5318048.783922631;414197.94514592615;5316360.673351479
DEBKGDL20000E5ZN;DEBKGGND00001DCU;Freising;09178;AX_KreisRegion (Landkreis);FS;114426;482650;3702800.8676897655;5371352.266018481;702643.8836846832;5369642.675299798
DEBKGDL20000DXXM;DEBKGGND00001E38;Freudenstadt;08237;AX_KreisRegion (Landkreis);FDS  HOR  WOL;082755;482828;3460546.6574966274;5370873.969896952;460487.0186706601;5369165.012555214
DEBKGDL20000DZIP;DEBKGGND00001C4D;Freyung-Grafenau;09272;AX_KreisRegion (Landkreis);FRG  GRA  WOS;133048;484937;3831423.221308934;5419767.678652129;831214.4990459047;5418037.979676488
DEBKGDL20000003L;DEBKGGND00001HKC;Friesland;03455;AX_KreisRegion (Landkreis);FRI;075902;533018;3432650.34039088;5930872.232264395;432606.5303725583;5928941.355777433
DEBKGDL20000E6FC;DEBKGGND00001G0P;Fulda;06631;AX_KreisRegion (Landkreis);FD;094532;503350;3553851.987280059;5603391.115730729;553756.0791975518;5601589.1731892135
DEBKGDL20000E0SQ;DEBKGGND00001F0T;Fürstenfeldbruck;09179;AX_KreisRegion (Landkreis);FFB;111204;481116;3663730.452008947;5341212.550496582;663589.2612278147;5339515.311270472
DEBKGDL20000DWB2;DEBKGGND00001K09;Fürth;09573;AX_KreisRegion (Landkreis);FÜ;105059;492648;3634205.2523561628;5480509.80933676;634076.4591577624;5478756.6753601
DEBKGDL20000DWB0;DEBKGGND00001D8K;Fürth;09563;AX_KreisRegion (Kreisfreie Stadt);FÜ;105924;492839;3644283.9028013856;5484184.378748842;644151.114618878;5482429.73620171
DEBKGDL20000E35C;DEBKGGND000019G3;Garmisch-Partenkirchen;09180;AX_KreisRegion (Landkreis);GAP;110747;473323;3660352.74044042;5270847.900010413;660212.3845400796;5269179.25983086
DEBKGDL20000DWDA;DEBKGGND00001I8E;Gelsenkirchen;05513;AX_KreisRegion (Kreisfreie Stadt);GE;070546;513039;3367901.084951425;5710201.604660869;367879.5477184589;5708359.009195827
DEBKGDL20000DW0L;DEBKGGND00001FO5;Gera;16052;AX_KreisRegion (Kreisfreie Stadt);G;120450;505234;3716867.0755805103;5642392.326971392;716706.2161698075;5640573.3723811
DEBKGDL20000DZ14;DEBKGGND00001DVS;Germersheim;07334;AX_KreisRegion (Landkreis);GER;081420;490253;3444443.2924471395;5434804.587223425;444390.07760124217;5433070.229898622
DEBKGDL20000DWKN;DEBKGGND00001EYD;Gießen;06531;AX_KreisRegion (Landkreis);GI;084827;503413;3486441.1591361756;5603856.495191768;486372.06976324384;5602054.845141542
DEBKGDL20000E1XV;DEBKGGND0000191S;Gifhorn;03151;AX_KreisRegion (Landkreis);GF;103615;523448;3608803.430289901;5828660.542451014;608688.1591740482;5826767.68959872
DEBKGDL20000E1L0;DEBKGGND00001FQV;Goslar;03153;AX_KreisRegion (Landkreis);GS  BRL  CLZ;102402;515229;3596531.2355836346;5749879.999224176;596419.6866051793;5748018.74538367
DEBKGDL20000E08K;DEBKGGND00001G5W;Gotha;16067;AX_KreisRegion (Landkreis);GTH;104137;505438;3619189.8931097426;5643060.865238412;619068.2280115932;5641242.652124293
DEBKGDL20000E06Q;DEBKGGND00001IIJ;Grafschaft Bentheim;03456;AX_KreisRegion (Landkreis);NOH;065923;523307;3363715.2170885047;5826204.154476216;363697.3121242514;5824315.871990683
DEBKGDL20000E63S;DEBKGGND00003ET3;Greifswald;130750039039;AX_Gemeinde;HGW;132247;540545;3786520.822183391;6005019.472574432;786335.8282010497;6003053.230141652
DEBKGDL20000E65V;DEBKGGND00001JWI;Greiz;16076;AX_KreisRegion (Landkreis);GRZ  ZR;120520;504204;3718279.3567464207;5622952.001800322;718117.708888846;5621140.860314233
DEBKGDL20000E3XH;DEBKGGND00001B9B;Groß-Gerau;06433;AX_KreisRegion (Landkreis);GG;082813;495416;3462019.372641914;5529905.172299692;461959.4935739246;5528133.071459072
DEBKGDL20000E0Q5;DEBKGGND00001G1M;Göppingen;08117;AX_KreisRegion (Landkreis);GP;094303;483947;3552933.657304667;5391981.122896248;552837.0972397398;5390263.740766675
DEBKGDL20000HFQM;DEBKGGND00001FT4;Görlitz;14626;AX_KreisRegion (Landkreis);GR  LÖB  NOL  NY  WSW  ZI;145245;511150;3910865.106655601;5690049.61048353;910626.1368114892;5688209.47980717
DEBKGDL20000E6F2;DEBKGGND00001BWH;Göttingen;03159;AX_KreisRegion (Landkreis);GÖ  DUD  HMÜ  OHA;100648;513354;3577265.1177142463;5715089.183193995;577160.7711721448;5713242.047680403
DEBKGDL20000E5OH;DEBKGGND000019BS;Günzburg;09774;AX_KreisRegion (Landkreis);GZ  KRU;102252;482110;3602444.8220003047;5358128.452506148;602328.3702204413;5356424.440419485
DEBKGDL20000E453;DEBKGGND00001AF4;Gütersloh;05754;AX_KreisRegion (Kreis);GT;082457;515137;3459836.410814394;5747515.621260765;459779.05462312454;5745657.245168887
DEBKGDL20000E1OJ;DEBKGGND00001BYH;Hagen;05914;AX_KreisRegion (Kreisfreie Stadt);HA;072803;512137;3393327.7367662597;5692829.327032509;393296.02204370004;5690993.313598667
DEBKGDL20000E1SB;DEBKGGND00001GVS;Halle (Saale);15002;AX_KreisRegion (Kreisfreie Stadt);HAL;115814;512857;3706416.532356714;5709511.54669044;706260.4481143269;5707665.815843831
DEBKGDL20000E6GN;DEBKGGND00001EOT;Hamburg;02000;AX_KreisRegion (Kreisfreie Stadt);HH;095949;533302;3566148.399422974;5935929.281429979;566051.6579872594;5933994.032226506
DEBKGDL20000E0TW;DEBKGGND00001G7H;Hameln-Pyrmont;03252;AX_KreisRegion (Landkreis);HM;092324;520542;3526791.82727827;5773556.017698235;526708.3325179437;5771686.28960596
DEBKGDL20000DYN9;DEBKGGND00001ID7;Hamm;05915;AX_KreisRegion (Kreisfreie Stadt);HAM;074901;514042;3418244.476920144;5727772.64833738;418203.2398233132;5725922.710065782
DEBKGDL20000DZA1;DEBKGGND00001JL8;Hanau;064350014014;AX_Gemeinde;HU;085455;500808;3494011.3823166057;5555490.436984398;493938.95355020795;5553707.9489719905
DEBKGDL20000DZPG;DEBKGGND00001DQE;Harburg;03353;AX_KreisRegion (Landkreis);WL;095746;531857;3564232.8882207545;5909762.841806699;564136.4980768552;5907838.420873534
DEBKGDL20000E6Y3;DEBKGGND00001CWC;Harz;15085;AX_KreisRegion (Landkreis);HZ  HBS  QLB  WR;105732;514916;3635130.1686564134;5744820.592433269;635003.305478941;5742961.482448761
DEBKGDL20000E1TN;DEBKGGND00001AC3;Havelland;12063;AX_KreisRegion (Landkreis);HVL  NAU  RN;123743;523716;3745768.5236291955;5838190.282031185;745598.2107906758;5836292.2339964295
DEBKGDL20000E1O5;DEBKGGND00001A3I;Haßberge;09674;AX_KreisRegion (Landkreis);HAS  EBN  GEO  HOH;103625;500346;3615130.9501264826;5548628.005667969;615010.3021135842;5546847.5479599135
DEBKGDL20000E1F5;DEBKGGND00001HM6;Heidekreis;03358;AX_KreisRegion (Landkreis);HK;094607;525541;3551766.62265106;5866453.114447266;551674.5550035258;5864546.106852717
DEBKGDL20000E3GT;DEBKGGND00001FX1;Heidelberg;08221;AX_KreisRegion (Stadtkreis);HD;084207;492432;3478454.019370445;5474697.64153606;478387.3552447843;5472947.315410237
DEBKGDL20000DZ25;DEBKGGND00001AMP;Heidenheim;08135;AX_KreisRegion (Landkreis);HDH;101056;483944;3587154.807766976;5392312.101251566;587044.5458216888;5390594.513670191
DEBKGDL20000E0MB;DEBKGGND00001CJZ;Heilbronn;08121;AX_KreisRegion (Stadtkreis);HN;091305;490826;3515978.397525022;5444828.03633247;515896.76194284233;5443089.554009347
DEBKGDL20000E0D0;DEBKGGND00001HU2;Heilbronn;08125;AX_KreisRegion (Landkreis);HN;085940;490758;3499678.594134451;5443947.474955097;499603.454712555;5442209.373690552
DEBKGDL20000DX0T;DEBKGGND00001J4Q;Heinsberg;05370;AX_KreisRegion (Kreis);HS  ERK  GK;060950;510258;3301221.5965729235;5660963.21436125;301225.84055084165;5659140.462456096
DEBKGDL20000E5XI;DEBKGGND00001GXX;Helmstedt;03154;AX_KreisRegion (Landkreis);HE;105320;521538;3629038.368633119;5793581.388229493;628914.5051668211;5791702.256323024
DEBKGDL20000E22B;DEBKGGND00001J4J;Herford;05758;AX_KreisRegion (Kreis);HF;083838;521003;3475712.2467206824;5781610.684328995;475649.1494035713;5779738.517013153
DEBKGDL20000DWD8;DEBKGGND00001K37;Herne;05916;AX_KreisRegion (Kreisfreie Stadt);HER  WAN;071322;513225;3376777.6672209115;5713259.14993304;376752.6525068483;5711415.276363854
DEBKGDL20000DXV2;DEBKGGND00001CK4;Hersfeld-Rotenburg;06632;AX_KreisRegion (Landkreis);HEF  ROF;094510;505422;3553024.8300791997;5641472.6699930765;552929.5335872811;5639655.5904995175
DEBKGDL20000DYKR;DEBKGGND00001C6F;Herzogtum Lauenburg;01053;AX_KreisRegion (Kreis);RZ;103606;533520;3606125.2010321035;5940911.485698641;606012.5099849626;5938973.627259558
DEBKGDL20000DWVH;DEBKGGND00001BVX;Hildburghausen;16069;AX_KreisRegion (Landkreis);HBN;104402;502602;3623266.1249677655;5590107.021337917;623142.2926348263;5588309.91090409
DEBKGDL20000E6YX;DEBKGGND00001BB0;Hildesheim;03254;AX_KreisRegion (Landkreis);HI  ALF;095636;520524;3564734.765200903;5773353.326568298;564636.1809365698;5771483.120307948
DEBKGDL20000DYKC;DEBKGGND00001IRC;Hochsauerlandkreis;05958;AX_KreisRegion (Kreis);HSK;082306;511825;3457187.0261498615;5685967.8922650535;457130.0058127211;5684134.036234285
DEBKGDL20000DYDV;DEBKGGND00001F8J;Hochtaunuskreis;06434;AX_KreisRegion (Landkreis);HG  USI;083017;501654;3464772.168322299;5571842.587615257;464711.47238572023;5570053.806643941
DEBKGDL20000DY0J;DEBKGGND00001FP5;Hof;09475;AX_KreisRegion (Landkreis);HO  MÜB  NAI  REH  SAN;115037;501210;3703075.925588979;5566823.149394549;702920.0276142375;5565034.828722502
DEBKGDL20000E6OZ;DEBKGGND00001IGT;Hof;09464;AX_KreisRegion (Kreisfreie Stadt);HO;115449;501859;3707572.4103849833;5579677.454892245;707414.7266578239;5577884.005115149
DEBKGDL20000E67W;DEBKGGND00001DCO;Hohenlohekreis;08126;AX_KreisRegion (Landkreis);KÜN  ÖHR;093650;491617;3544755.193696129;5459560.961461384;544662.1085460358;5457816.53421858
DEBKGDL20000DZE1;DEBKGGND00001CND;Holzminden;03255;AX_KreisRegion (Landkreis);HOL;093305;515250;3538034.3408577875;5749757.731391156;537946.0368473233;5747897.288361043
DEBKGDL20000E5W8;DEBKGGND00001CKV;Höxter;05762;AX_KreisRegion (Kreis);HX;091041;514105;3512384.7713536904;5727841.2666855445;512306.34469487;5725989.931090754
DEBKGDL20000E04Z;DEBKGGND00001GEF;Ilm-Kreis;16070;AX_KreisRegion (Landkreis);IK  ARN  IL;105758;504416;3638870.2559888214;5624322.592886633;638740.5392574195;5622511.661073712
DEBKGDL20000E5Y4;DEBKGGND00001JJY;Ingolstadt;09161;AX_KreisRegion (Kreisfreie Stadt);IN;112524;484556;3678223.5161440107;5405935.520276053;678076.6514997605;5404212.037959044
DEBKGDL20000DWHM;DEBKGGND00001BKO;Jena;16053;AX_KreisRegion (Kreisfreie Stadt);J;113531;505548;3682275.9582834933;5647067.08286954;682129.0767836462;5645246.542882123
DEBKGDL20000E3E9;DEBKGGND00001JHK;Jerichower Land;15086;AX_KreisRegion (Landkreis);JL  BRG  GNT;120134;521538;3706673.8574075345;5796210.52183794;706518.7623354094;5794329.78147879
DEBKGDL20000DW3E;DEBKGGND00001CV7;Kaiserslautern;07335;AX_KreisRegion (Landkreis);KL;073234;492555;3394370.287070822;5478261.942216915;394337.0013682762;5476510.5047761435
DEBKGDL20000DWDZ;DEBKGGND00001ICA;Kaiserslautern;07312;AX_KreisRegion (Kreisfreie Stadt);KL;074615;492635;3410931.5570148304;5479180.784261731;410891.75885004934;5477428.949825505
DEBKGDL20000E22N;DEBKGGND00001GFZ;Karlsruhe;08212;AX_KreisRegion (Stadtkreis);KA;082419;490035;3456567.333682657;5430428.887263643;456509.3153259748;5428696.233473842
DEBKGDL20000E6RQ;DEBKGGND00001ASD;Karlsruhe;08215;AX_KreisRegion (Landkreis);KA;083420;490737;3468845.7757597105;5443391.556971947;468782.9080427761;5441653.729752006
DEBKGDL20000DYMT;DEBKGGND00001GTB;Kassel;06633;AX_KreisRegion (Landkreis);KS  HOG  WOH;092424;512404;3528382.5478253523;5696346.937693892;528297.4314485692;5694508.213665645
DEBKGDL20000DYMY;DEBKGGND00001JCX;Kassel;06611;AX_KreisRegion (Kreisfreie Stadt);KS;092943;511853;3534599.9128313554;5686771.287821924;534512.24708786;5684936.304942676
DEBKGDL20000E52E;DEBKGGND000019MW;Kaufbeuren;09762;AX_KreisRegion (Kreisfreie Stadt);KF;103714;475247;3621291.58796059;5305883.394502219;621167.3875572669;5304200.487071504
DEBKGDL20000E26S;DEBKGGND00001B97;Kelheim;09273;AX_KreisRegion (Landkreis);KEH  MAI  PAR  RID  ROL;115127;484929;3709886.8888881626;5413638.869864359;709727.2563199274;5411912.206164752
DEBKGDL20000E4BC;DEBKGGND00001GOV;Kempten (Allgäu);09763;AX_KreisRegion (Kreisfreie Stadt);KE;101904;474326;3598941.1511091255;5288143.130757077;598826.008753826;5286467.4841775345
DEBKGDL20000E43X;DEBKGGND00001BB4;Kiel;01002;AX_KreisRegion (Kreisfreie Stadt);KI;100814;541918;3574068.1148550822;6021889.390432255;573969.8952674217;6019919.8273030985
DEBKGDL20000DZ3J;DEBKGGND00001ETB;Kitzingen;09675;AX_KreisRegion (Landkreis);KT;101522;494511;3590585.3479982917;5513711.118078706;590474.2486249493;5511944.794586747
DEBKGDL20000E1N2;DEBKGGND00001IUZ;Kleve;05154;AX_KreisRegion (Kreis);KLE  GEL;061533;513907;3310396.3615476005;5727740.435892131;310397.58876515523;5725891.555090838
DEBKGDL20000E3IW;DEBKGGND00001GRG;Koblenz;07111;AX_KreisRegion (Kreisfreie Stadt);KO;073533;502136;3399922.4816026473;5581402.640260845;399887.41964402166;5579610.503573785
DEBKGDL20000E6YG;DEBKGGND00001E2I;Konstanz;08335;AX_KreisRegion (Landkreis);KN;085443;474757;3493488.9420300964;5295666.319506635;493416.2299400596;5293987.383865876
DEBKGDL20000DW8W;DEBKGGND00001E1M;Krefeld;05114;AX_KreisRegion (Kreisfreie Stadt);KR;063339;511957;3330093.3441780466;5691475.941248872;330086.5250606896;5689641.031764404
DEBKGDL20000E0EC;DEBKGGND00001FFJ;Kronach;09476;AX_KreisRegion (Landkreis);KC  SAN;112219;501940;3668968.1413112576;5579564.62686575;668826.0510095741;5577771.362511747
DEBKGDL20000E6SF;DEBKGGND00001AHY;Kulmbach;09477;AX_KreisRegion (Landkreis);KU  EBS  SAN;112856;500609;3677645.1388616757;5554768.02782314;677499.4145231807;5552984.76100937
DEBKGDL20000E5E2;DEBKGGND00001CGE;Kusel;07336;AX_KreisRegion (Landkreis);KUS;072816;493259;3389438.4244071697;5491449.217481888;389407.15303754446;5489692.582846256
DEBKGDL20000E3HI;DEBKGGND00001J0P;Kyffhäuserkreis;16065;AX_KreisRegion (Landkreis);KYF  ART  SDH;105905;511930;3638422.4637945825;5689670.228344286;638293.6381283078;5687833.086035558
DEBKGDL20000E005;DEBKGGND00001D7W;Köln;05315;AX_KreisRegion (Kreisfreie Stadt);K;065725;505617;3356481.3462018296;5646747.055808815;356463.8798681252;5644929.5087401625
DEBKGDL20000DWKM;DEBKGGND00001AC6;Lahn-Dill-Kreis;06532;AX_KreisRegion (Landkreis);LDK  DIL;082156;503853;3455205.5112123224;5612687.967830788;455148.8958853428;5610883.026226744
DEBKGDL20000E4WA;DEBKGGND00001GPY;Landau in der Pfalz;07313;AX_KreisRegion (Kreisfreie Stadt);LD;080645;491148;3435385.6021700124;5451430.741017507;435335.9892776573;5449689.835153353
DEBKGDL20000E0SD;DEBKGGND0000194H;Landsberg am Lech;09181;AX_KreisRegion (Landkreis);LL;105655;480127;3645428.2745293933;5322528.385564303;645294.3197163382;5320838.638547669
DEBKGDL20000DZVT;DEBKGGND00001DK1;Landshut;09274;AX_KreisRegion (Landkreis);LA  MAI  MAL  ROL;122053;482709;3747725.707871049;5373724.446250039;747550.5548347093;5372013.758263297
DEBKGDL20000E5OT;DEBKGGND00001BW0;Landshut;09261;AX_KreisRegion (Kreisfreie Stadt);LA;120932;483219;3733332.798340552;5382702.176968374;733163.4769718328;5380987.886431164
DEBKGDL20000002T;DEBKGGND00001CS6;Leer;03457;AX_KreisRegion (Landkreis);LER;073003;531349;3399960.521120235;5900860.5560085615;399929.27577330754;5898942.066035524
DEBKGDL20000002S;DEBKGGND00001JFI;Leipzig;14713;AX_KreisRegion (Kreisfreie Stadt);L;122241;512018;3735438.4418855957;5694703.158162087;735270.451857264;5692863.110537988
DEBKGDL20000HFQY;DEBKGGND00001C0D;Leipzig;14729;AX_KreisRegion (Landkreis);L  BNA  GHA  GRM  MTL  WUR;123557;511317;3751493.9408200476;5682431.883825596;751319.3332999283;5680596.608878794
DEBKGDL20000E1YY;DEBKGGND00001BZM;Leverkusen;05316;AX_KreisRegion (Kreisfreie Stadt);LEV  OP;065847;510157;3358364.226127218;5657197.175936874;358346.07614109176;5655375.509080669
DEBKGDL20000E2H5;DEBKGGND00001HK7;Lichtenfels;09478;AX_KreisRegion (Landkreis);LIF  STE;110701;500634;3651498.45690492;5554716.461770535;651363.2526081731;5552933.314781343
DEBKGDL20000E18L;DEBKGGND00001CB3;Limburg-Weilburg;06533;AX_KreisRegion (Landkreis);LM  WEL;081158;502539;3443192.714423751;5588254.081459736;443140.6978918871;5586458.92768493
DEBKGDL20000E3SF;DEBKGGND00001E4F;Lindau (Bodensee);09776;AX_KreisRegion (Landkreis);LI;095258;473619;3566455.4111355473;5274469.155274606;566353.5323523569;5272799.111574208
DEBKGDL20000E6AS;DEBKGGND00001HUC;Lippe;05766;AX_KreisRegion (Kreis);LIP;085703;515853;3496697.188660519;5760831.699598152;496625.45565178926;5758967.496502635
DEBKGDL20000E3AL;DEBKGGND00001F0C;Ludwigsburg;08118;AX_KreisRegion (Landkreis);LB  VAI;090723;485624;3509083.556967182;5422526.095305388;509004.6161351029;5420796.521322567
DEBKGDL20000E09A;DEBKGGND00001EGD;Ludwigshafen am Rhein;07314;AX_KreisRegion (Kreisfreie Stadt);LU;082652;492860;3460069.4504813305;5483076.987706161;460010.1425303257;5481323.455608063
DEBKGDL20000QGFP;DEBKGGND00001J79;Ludwigslust-Parchim;13076;AX_KreisRegion (Landkreis);LUP  HGN  LBZ  LWL  PCH  STB;112833;532049;3664933.412856352;5915652.37449154;664796.4535773175;5913723.8917794125
DEBKGDL20000E5Q2;DEBKGGND00001C2Q;Lörrach;08336;AX_KreisRegion (Landkreis);LÖ;074626;474212;3408051.1706615677;5285743.251491234;408012.4146929626;5284068.100541557
DEBKGDL20000DYM9;DEBKGGND00001GHG;Lübeck;01003;AX_KreisRegion (Kreisfreie Stadt);HL;104102;535159;3610843.643902215;5971907.648135925;610729.6044191848;5969957.1946127955
DEBKGDL20000DZUD;DEBKGGND00001A0H;Lüchow-Dannenberg;03354;AX_KreisRegion (Landkreis);DAN;110723;530112;3642532.838788829;5878503.273151267;642404.4369087508;5876590.173354576
DEBKGDL20000DYLA;DEBKGGND00001G02;Lüneburg;03355;AX_KreisRegion (Landkreis);LG;103655;531648;3607815.4349880125;5906555.934846883;607701.6777158972;5904632.0667102905
DEBKGDL20000E3CO;DEBKGGND00001B62;Magdeburg;15003;AX_KreisRegion (Kreisfreie Stadt);MD;113758;520734;3680358.2753061107;5780223.271679357;680213.6240993326;5778349.314521331
DEBKGDL20000DW5F;DEBKGGND00001GXU;Main-Kinzig-Kreis;06435;AX_KreisRegion (Landkreis);MKK  GN  HU  SLÜ;091709;501438;3520459.5474504554;5567582.302807156;520376.67603476916;5565794.819181408
DEBKGDL20000DW77;DEBKGGND00001CN5;Main-Spessart;09677;AX_KreisRegion (Landkreis);MSP;093946;495936;3547592.2603670466;5539887.848292391;547498.4068428614;5538111.178217894
DEBKGDL20000E65D;DEBKGGND00001BBW;Main-Tauber-Kreis;08128;AX_KreisRegion (Landkreis);TBB  MGH;094332;493338;3552575.845938898;5491785.584955931;552479.7691023472;5490028.233026371
DEBKGDL20000DWRL;DEBKGGND00001DWN;Main-Taunus-Kreis;06436;AX_KreisRegion (Landkreis);MTK;082604;500609;3459619.7135653966;5551964.390980392;459560.92804020905;5550183.544447786
DEBKGDL20000E1IM;DEBKGGND000019T6;Mainz;07315;AX_KreisRegion (Kreisfreie Stadt);MZ;081619;500007;3447872.528546581;5540878.91368217;447818.3403509637;5539102.528894479
DEBKGDL20000E1CS;DEBKGGND00001IBE;Mainz-Bingen;07339;AX_KreisRegion (Landkreis);MZ  BIN;080158;495549;3430626.405412515;5533090.067246013;430579.03054490156;5531316.847451819
DEBKGDL20000DZNO;DEBKGGND00001AST;Mannheim;08222;AX_KreisRegion (Stadtkreis);MA;082759;492916;3461404.566917449;5483572.8857830465;461344.7279532398;5481819.152762118
DEBKGDL20000E6Z0;DEBKGGND00001CIV;Mansfeld-Südharz;15087;AX_KreisRegion (Landkreis);MSH  EIL  HET  ML  SGH;112123;513209;3663554.2065510578;5713884.600038699;663415.5028510804;5712037.613750906
DEBKGDL20000DX50;DEBKGGND00001CB7;Marburg-Biedenkopf;06534;AX_KreisRegion (Landkreis);MR  BID;084417;505013;3481619.718441817;5633533.909552757;481552.74779693835;5631720.506392845
DEBKGDL20000E3CY;DEBKGGND00001IAG;Mayen-Koblenz;07137;AX_KreisRegion (Landkreis);MYK  MY;071956;501954;3381325.61406303;5578624.99708691;381297.8877802402;5576834.061734968
DEBKGDL20000QGHT;DEBKGGND00001C75;Mecklenburgische Seenplatte;13071;AX_KreisRegion (Landkreis);MSE  AT  DM  MC  MST  MÜR  NZ  RM  WRN;130008;533236;3765312.5451609404;5942118.088663567;765135.4029611779;5940177.477012457
DEBKGDL20000HFQN;DEBKGGND00001JUH;Meißen;14627;AX_KreisRegion (Landkreis);MEI  GRH  RG  RIE;132858;511422;3813071.439375103;5687829.74300794;812872.2970206935;5685991.493563985
DEBKGDL20000E401;DEBKGGND00001CZM;Memmingen;09764;AX_KreisRegion (Kreisfreie Stadt);MM;101106;475918;3588523.208502253;5317382.7341117915;588412.3732830721;5315695.281521951
DEBKGDL20000E3EA;DEBKGGND00001H73;Merzig-Wadern;10042;AX_KreisRegion (Landkreis);MZG;063958;492759;3330917.477174766;5483671.1789376885;330909.2451220938;5481917.871779647
DEBKGDL20000E6T2;DEBKGGND00001EE9;Mettmann;05158;AX_KreisRegion (Kreis);ME;070433;511925;3365956.326811836;5689402.5149636865;365935.4162876165;5687568.084028704
DEBKGDL20000E70O;DEBKGGND00001GZB;Miesbach;09182;AX_KreisRegion (Landkreis);MB;114833;474429;3710742.229914775;5293071.696015213;710581.5705296133;5291393.756776374
DEBKGDL20000E1CJ;DEBKGGND00001EMA;Miltenberg;09676;AX_KreisRegion (Landkreis);MIL  OBB;091405;494526;3516986.4644882656;5513421.730394983;516904.6881668359;5511655.858848913
DEBKGDL20000DZK4;DEBKGGND00001JST;Minden-Lübbecke;05770;AX_KreisRegion (Kreis);MI;084322;521912;3481162.8669717284;5798552.125249105;481097.8536032048;5796673.150354953
DEBKGDL20000HFQF;DEBKGGND00001FWO;Mittelsachsen;14522;AX_KreisRegion (Landkreis);FG  BED  DL  FLÖ  HC  MW  RL;130817;505720;3790790.70981753;5654876.897910399;790599.9129036339;5653052.346746768
DEBKGDL20000E10P;DEBKGGND00001BT8;Märkisch-Oderland;12064;AX_KreisRegion (Landkreis);MOL  FRW  SEE  SRB;140758;523831;3847399.0454004416;5846728.578871082;847188.0529036844;5844825.866211675
DEBKGDL20000E12D;DEBKGGND00001JCM;Märkischer Kreis;05962;AX_KreisRegion (Kreis);MK;074246;511545;3410233.8695325474;5681623.915647591;410195.3868009771;5679792.176940077
DEBKGDL20000DY9F;DEBKGGND00001CRK;Mönchengladbach;05116;AX_KreisRegion (Kreisfreie Stadt);MG;062554;511140;3320547.574415062;5676415.6991023235;320544.39327343047;5674586.745757479
DEBKGDL20000E6JI;DEBKGGND00003ETI;Mühldorf a. Inn;09183;AX_KreisRegion (Landkreis);MÜ  VIB  WS;122254;481421;3751244.2671004045;5350124.072551388;751067.621423347;5348422.87784638
DEBKGDL20000E4ZP;DEBKGGND00001E1E;Mülheim an der Ruhr;05117;AX_KreisRegion (Kreisfreie Stadt);MH;065306;512541;3352987.7927401303;5701394.771918829;352972.0690231222;5699555.75744251
DEBKGDL20000E06K;DEBKGGND000019BB;München;09162;AX_KreisRegion (Kreisfreie Stadt);M;113432;480813;3691759.243370789;5336435.351951051;691606.5333055521;5334739.982834257
DEBKGDL20000E06M;DEBKGGND00001IGD;München;09184;AX_KreisRegion (Landkreis);M  AIB  WOR;113706;480015;3695448.3478164407;5321763.725969308;695294.061693162;5320074.292510361
DEBKGDL20000E23Y;DEBKGGND00001H90;Münster;05515;AX_KreisRegion (Kreisfreie Stadt);MS;073736;515743;3405687.2695071613;5759554.457308966;405651.5182975198;5757692.074833235
DEBKGDL20000E2A8;DEBKGGND00001EY6;Neckar-Odenwald-Kreis;08225;AX_KreisRegion (Landkreis);MOS  BCH;091648;492760;3520361.573044105;5481111.445838126;520278.29384418135;5479358.454660732
DEBKGDL20000E1VN;DEBKGGND00001GER;Neu-Ulm;09775;AX_KreisRegion (Landkreis);NU  ILL;100828;481753;3584749.2074210346;5351763.160267995;584639.8259705929;5350061.842575952
DEBKGDL20000DYTX;DEBKGGND00001EW2;Neubrandenburg;130710107107;AX_Gemeinde;NB;131536;533326;3782299.862212062;5944658.813439828;782115.8851139926;5942716.990837971
DEBKGDL20000E4WK;DEBKGGND00001JKS;Neuburg-Schrobenhausen;09185;AX_KreisRegion (Landkreis);ND  SOB;111151;483952;3661933.5262642526;5394191.943714707;661793.1761304436;5392473.194164684
DEBKGDL20000E58U;DEBKGGND00003ETN;Neumarkt i.d. OPf.;09373;AX_KreisRegion (Landkreis);NM  PAR;113360;491257;3687057.5312719597;5456369.524311355;686907.4101358944;5454625.825642244
DEBKGDL20000E4KX;DEBKGGND00001DRB;Neumünster;01004;AX_KreisRegion (Kreisfreie Stadt);NMS;095918;540412;3564776.1358729503;5993708.210214614;564681.0320270481;5991750.038707619
DEBKGDL20000E68T;DEBKGGND00001FWV;Neunkirchen;10043;AX_KreisRegion (Landkreis);NK;070702;492233;3363353.915016085;5472677.061686518;363332.82474111393;5470927.959821178
DEBKGDL20000E35E;DEBKGGND00003ETJ;Neustadt a.d. Aisch-Bad Windsheim;09575;AX_KreisRegion (Landkreis);NEA  SEF  UFF;102755;493410;3606056.3569787177;5493555.299488522;605938.8930536773;5491797.046824567
DEBKGDL20000E6QG;DEBKGGND00003ETL;Neustadt a.d. Waldnaab;09374;AX_KreisRegion (Landkreis);NEW  ESB  VOH;115217;494333;3707090.579360224;5513869.949375657;706932.6238439914;5512102.946618928
DEBKGDL20000E0XK;DEBKGGND00001EOA;Neustadt an der Weinstraße;07316;AX_KreisRegion (Kreisfreie Stadt);NW;080827;492107;3437647.5264683855;5468688.055737331;437597.0544685811;5466940.293271948
DEBKGDL20000E0UX;DEBKGGND00001GP5;Neuwied;07138;AX_KreisRegion (Landkreis);NR;072741;503052;3390955.1180730276;5598765.557596086;390923.6784876279;5596966.6350254305
DEBKGDL20000E15O;DEBKGGND00001IXG;Nienburg (Weser);03256;AX_KreisRegion (Landkreis);NI;090650;523633;3507781.0953915557;5830680.335967565;507705.96404551266;5828788.194888898
DEBKGDL20000002Z;DEBKGGND00001FZS;Nordfriesland;01054;AX_KreisRegion (Kreis);NF;090349;543704;3504169.3138900823;6054249.945472106;504099.61278017407;6052269.0150299715
DEBKGDL20000DYXL;DEBKGGND00001I72;Nordhausen;16062;AX_KreisRegion (Landkreis);NDH;104351;513008;3620259.2942902865;5708946.744219913;620137.9741592259;5707102.058345256
DEBKGDL20000HFQZ;DEBKGGND00001FTD;Nordsachsen;14730;AX_KreisRegion (Landkreis);TDO  DZ  EB  OZ  TG  TO;124134;513319;3756145.491964886;5719887.584723961;755969.3860773868;5718037.160281506
DEBKGDL20000QGFQ;DEBKGGND00001GXA;Nordwestmecklenburg;13074;AX_KreisRegion (Landkreis);NWM  GDB  GVM  WIS;111456;534907;3648163.528884289;5967635.592506299;648034.0166798433;5965686.089037318
DEBKGDL20000DZVG;DEBKGGND00001E8Z;Northeim;03155;AX_KreisRegion (Landkreis);NOM  EIN  GAN;095056;514436;3558704.564667986;5734700.84555423;558607.8389836573;5732846.104412354
DEBKGDL20000E40K;DEBKGGND00001IML;Nürnberg;09564;AX_KreisRegion (Kreisfreie Stadt);N;110431;492703;3650545.62482388;5481410.15684329;650410.3240807601;5479656.599239764
DEBKGDL20000E2KG;DEBKGGND00001FSR;Nürnberger Land;09574;AX_KreisRegion (Landkreis);LAU  ESB  HEB  N  PEG;112208;492929;3671685.1631631516;5486550.057033128;671541.3641800752;5484794.318507759
DEBKGDL20000DZCX;DEBKGGND00001HQJ;Oberallgäu;09780;AX_KreisRegion (Landkreis);OA;101538;473444;3594906.5884116706;5271940.829446468;594793.1347592402;5270271.821001182
DEBKGDL20000E6H4;DEBKGGND00001G74;Oberbergischer Kreis;05374;AX_KreisRegion (Kreis);GM;073101;510045;3396000.457663502;5654091.017450613;395967.41887623;5652270.228368783
DEBKGDL20000E2H1;DEBKGGND00001CHE;Oberhausen;05119;AX_KreisRegion (Kreisfreie Stadt);OB;065108;512813;3350847.448245038;5706156.4185406305;350832.6068572162;5704315.553130846
DEBKGDL20000DZKC;DEBKGGND00001JXZ;Oberhavel;12065;AX_KreisRegion (Landkreis);OHV;131219;525423;3782948.7888733153;5872047.723779931;782763.9543739175;5870135.637226057
DEBKGDL20000E6ZP;DEBKGGND00001BEG;Oberspreewald-Lausitz;12066;AX_KreisRegion (Landkreis);OSL  CA  SFB;135636;513657;3842375.5148165235;5731757.943523383;842165.3465752583;5729901.559992021
DEBKGDL20000DZ82;DEBKGGND00001DRP;Odenwaldkreis;06437;AX_KreisRegion (Landkreis);ERB;085846;494017;3498596.507219012;5503863.019411076;498521.9191299918;5502101.030443116
DEBKGDL20000E0J4;DEBKGGND00001ADU;Oder-Spree;12067;AX_KreisRegion (Landkreis);LOS  BSK  EH  FW;141311;521438;3856482.9348227866;5802905.556606488;856267.765612476;5801020.301370269
DEBKGDL20000E5QK;DEBKGGND00001GZ4;Offenbach;06438;AX_KreisRegion (Landkreis);OF;084912;500036;3487162.798343874;5541528.755581967;487092.98969041574;5539751.867936025
DEBKGDL20000E5QM;DEBKGGND00001ER0;Offenbach am Main;06413;AX_KreisRegion (Kreisfreie Stadt);OF;084552;500620;3483223.4178999774;5552175.8909782795;483155.2502765589;5550394.798368665
DEBKGDL20000E3FX;DEBKGGND00001EX5;Oldenburg;03458;AX_KreisRegion (Landkreis);OL;082322;525917;3459074.2940436313;5873020.892847542;459019.1361322684;5871112.634547493
DEBKGDL20000DZLX;DEBKGGND00001ADO;Oldenburg (Oldb);03403;AX_KreisRegion (Kreisfreie Stadt);OL;081247;530824;3447405.4250997156;5890051.50227579;447355.1644109381;5888136.633065769
DEBKGDL20000DZXQ;DEBKGGND00001D4F;Olpe;05966;AX_KreisRegion (Kreis);OE;075835;510510;3428353.7647159584;5661724.868708528;428307.97407321725;5659900.807698234
DEBKGDL20000E5HN;DEBKGGND00001FF5;Ortenaukreis;08317;AX_KreisRegion (Landkreis);OG  BH  KEL  LR  WOL;080058;482514;3427261.399398062;5365206.948114578;427214.97615436045;5363500.200666688
DEBKGDL20000E70E;DEBKGGND000019N1;Osnabrück;03459;AX_KreisRegion (Landkreis);OS  BSB  MEL  WTL;074932;523210;3420387.8319996996;5823195.905351673;420347.3387976788;5821308.018999224
DEBKGDL20000E70G;DEBKGGND00001B2L;Osnabrück;03404;AX_KreisRegion (Kreisfreie Stadt);OS;080231;521637;3434690.1461315546;5794147.490061457;434643.5365268239;5792270.9465299165
DEBKGDL20000E1I0;DEBKGGND00001IKE;Ostalbkreis;08136;AX_KreisRegion (Landkreis);AA  GD;100524;485239;3580036.7372785085;5416152.258072234;579929.3714182947;5414425.133974537
DEBKGDL20000E34F;DEBKGGND0000194A;Ostallgäu;09777;AX_KreisRegion (Landkreis);OAL  FÜS  MOD;103821;474622;3622929.748355118;5294018.034167863;622804.8741912047;5292339.955355139
DEBKGDL20000E09K;DEBKGGND00001A9W;Osterholz;03356;AX_KreisRegion (Landkreis);OHZ;084829;531504;3487264.539143056;5902131.21527032;487198.6088344649;5900210.976007946
DEBKGDL200000026;DEBKGGND00001H46;Ostholstein;01055;AX_KreisRegion (Kreis);OH;105704;541539;3627201.046593205;6016264.940811762;627081.4518584168;6014296.554410609
DEBKGDL20000E6H2;DEBKGGND00001DT1;Ostprignitz-Ruppin;12068;AX_KreisRegion (Landkreis);OPR  KY  NP  WK;123810;525928;3744194.605547078;5879390.657702645;744025.423842348;5877476.122750242
DEBKGDL20000E454;DEBKGGND00001FX2;Paderborn;05774;AX_KreisRegion (Kreis);PB  BÜR;084311;513951;3480677.491019624;5725559.7168409405;480611.5476113743;5723709.72827951
DEBKGDL20000E3MB;DEBKGGND00001AOR;Passau;09275;AX_KreisRegion (Landkreis);PA;131124;482947;3809711.1148929726;5381677.497018463;809511.0681915095;5379963.360794072
DEBKGDL20000E58K;DEBKGGND00001I0F;Passau;09262;AX_KreisRegion (Kreisfreie Stadt);PA;132512;483410;3826243.037731713;5390739.227840449;826036.2520219134;5389021.339752526
DEBKGDL20000E06B;DEBKGGND00001I18;Peine;03157;AX_KreisRegion (Landkreis);PE;101519;521815;3585694.4398012226;5797489.545355726;585587.8675979844;5795609.426846107
DEBKGDL20000E1NI;DEBKGGND00003ETH;Pfaffenhofen a.d. Ilm;09186;AX_KreisRegion (Landkreis);PAF;113127;483546;3686249.0028962158;5387352.5242460165;686098.8300681291;5385636.524055943
DEBKGDL20000E3GL;DEBKGGND00001HPR;Pforzheim;08231;AX_KreisRegion (Stadtkreis);PF;084157;485329;3478014.9679723866;5417141.562859502;477948.40555122023;5415414.184205767
DEBKGDL20000E44B;DEBKGGND00001A3W;Pinneberg;01056;AX_KreisRegion (Kreis);PI;094446;534300;3549330.400486712;5954205.929983357;549240.6252948345;5952263.780905126
DEBKGDL20000E6XG;DEBKGGND00001BHV;Pirmasens;07317;AX_KreisRegion (Kreisfreie Stadt);PS;073630;491151;3398641.12803931;5452074.625319212;398606.0649751846;5450333.569959059
DEBKGDL20000002K;DEBKGGND00001JCI;Plön;01057;AX_KreisRegion (Kreis);PLÖ;102148;541436;3588951.929893983;6013411.627249069;588847.5721735514;6011445.143018601
DEBKGDL20000DZK6;DEBKGGND00001I6N;Potsdam;12054;AX_KreisRegion (Kreisfreie Stadt);P;130313;522401;3775915.066268972;5815191.080031791;775732.4046813514;5813301.876682112
DEBKGDL20000E00C;DEBKGGND00001BM2;Potsdam-Mittelmark;12069;AX_KreisRegion (Landkreis);PM;124538;521334;3756982.7441617083;5794734.007739554;756807.3735232087;5792853.243450733
DEBKGDL20000E46W;DEBKGGND00001EJD;Prignitz;12070;AX_KreisRegion (Landkreis);PR;115742;530633;3698388.350901253;5890447.4366855305;698237.6643503236;5888528.999342093
DEBKGDL20000DZZW;DEBKGGND00001C3G;Rastatt;08216;AX_KreisRegion (Landkreis);RA  BH;082116;484342;3452587.6814874983;5399188.54179874;452531.2133491108;5397468.319458572
DEBKGDL20000E4ZT;DEBKGGND0000191D;Ravensburg;08436;AX_KreisRegion (Landkreis);RV;094648;474930;3558482.2289744564;5298829.612949503;558383.5394767502;5297149.649697202
DEBKGDL20000E44N;DEBKGGND00001H9O;Recklinghausen;05562;AX_KreisRegion (Kreis);RE  CAS  GLA;070934;514021;3372746.6238399083;5728063.327416978;372723.34775930346;5726213.671932374
DEBKGDL20000E2QB;DEBKGGND00001FYK;Regen;09276;AX_KreisRegion (Landkreis);REG  VIT;130560;490122;3799899.153381673;5439831.459615837;799703.2558283764;5438093.924892143
DEBKGDL20000E44J;DEBKGGND00001F5I;Regensburg;09375;AX_KreisRegion (Landkreis);R;121658;490014;3740236.94402362;5434827.799344323;740065.0961688472;5433092.4867076
DEBKGDL20000E4EJ;DEBKGGND00001J8T;Regensburg;09362;AX_KreisRegion (Kreisfreie Stadt);R;120638;490050;3727593.1616980513;5435386.435162159;727426.4429764122;5433650.935296824
DEBKGDL20000E6YZ;DEBKGGND00001EFA;Region Hannover;03241;AX_KreisRegion (Landkreis);H;094311;522519;3549043.8979499983;5810089.223854491;548952.0856532161;5808204.642524598
DEBKGDL20000E68W;DEBKGGND000019TW;Regionalverband Saarbrücken;10041;AX_KreisRegion (Landkreis);SB;065726;491505;3351363.46750898;5459150.406742163;351347.05690494017;5457406.704818233
DEBKGDL20000DZT1;DEBKGGND000019LG;Rems-Murr-Kreis;08119;AX_KreisRegion (Landkreis);WN  BK;093004;485356;3536822.619880173;5418070.5299140625;536732.5670700587;5416342.696415366
DEBKGDL20000E6Z3;DEBKGGND00001H11;Remscheid;05120;AX_KreisRegion (Kreisfreie Stadt);RS;071140;511048;3373817.803863739;5673206.067420963;373793.67067593406;5671377.941622907
DEBKGDL20000E5OD;DEBKGGND00001ETM;Rendsburg-Eckernförde;01058;AX_KreisRegion (Kreis);RD  ECK;094652;541721;3550942.8806745484;6017955.916383674;550853.8010879289;6015988.391054265
DEBKGDL20000E3WI;DEBKGGND00001HD9;Reutlingen;08415;AX_KreisRegion (Landkreis);RT;092157;482423;3527159.2818924473;5363241.722259908;527073.0510218207;5361535.915086562
DEBKGDL20000E0B2;DEBKGGND00001EI2;Rhein-Erft-Kreis;05362;AX_KreisRegion (Kreis);BM;064300;505418;3339473.320820276;5643545.090664763;339462.5079125477;5641728.901709798
DEBKGDL20000E3W2;DEBKGGND00001GZ7;Rhein-Hunsrück-Kreis;07140;AX_KreisRegion (Landkreis);SIM  GOA;072960;500239;3392627.079899718;5546386.343338707;392594.80223667703;5544608.044118023
DEBKGDL20000DW9F;DEBKGGND00001DEO;Rhein-Kreis Neuss;05162;AX_KreisRegion (Kreis);NE  GV;063858;510837;3335581.6419234425;5670238.092130405;335572.521281633;5668411.444137939
DEBKGDL20000E02P;DEBKGGND00001DQI;Rhein-Lahn-Kreis;07141;AX_KreisRegion (Landkreis);EMS  DIZ  GOH;075033;501548;3417549.289451236;5570326.460438217;417507.23818877473;5568538.576200228
DEBKGDL20000DZYR;DEBKGGND00001JYG;Rhein-Neckar-Kreis;08226;AX_KreisRegion (Landkreis);HD;084619;491725;3483483.3131259857;5461507.654487616;483414.63889187097;5459762.565500072
DEBKGDL20000E3V3;DEBKGGND00001FT0;Rhein-Pfalz-Kreis;07338;AX_KreisRegion (Landkreis);RP;082139;492459;3453691.7825062387;5475707.155880351;453634.9855683887;5473956.558479127
DEBKGDL20000E4W8;DEBKGGND00001DEI;Rhein-Sieg-Kreis;05382;AX_KreisRegion (Kreis);SU;071556;504634;3377735.2772326563;5628186.127383564;377709.2918775331;5626375.693333536
DEBKGDL20000E2GH;DEBKGGND00001GI7;Rheingau-Taunus-Kreis;06439;AX_KreisRegion (Landkreis);RÜD  SWA;080451;500831;3434366.905399458;5556597.413888186;434318.18235734844;5554814.892518933
DEBKGDL20000E3LJ;DEBKGGND00001HE1;Rheinisch-Bergischer Kreis;05378;AX_KreisRegion (Kreis);GL;071142;510123;3373429.8446751027;5655748.847509354;373405.7423109677;5653927.602236626
DEBKGDL20000DYKN;DEBKGGND00001H53;Rhön-Grabfeld;09673;AX_KreisRegion (Landkreis);NES  KÖN  MET;101519;502217;3589373.72266447;5582463.164441615;589263.4431087449;5580669.3436361775
DEBKGDL20000E2LU;DEBKGGND00001HNR;Rosenheim;09163;AX_KreisRegion (Kreisfreie Stadt);RO;120729;475121;3733904.6823671553;5306687.948785258;733734.8040185327;5305004.426707794
DEBKGDL20000DZTP;DEBKGGND00001AW6;Rosenheim;09187;AX_KreisRegion (Landkreis);RO  AIB  WS;121657;475345;3745515.691797754;5311631.278124636;745341.1791128713;5309945.650020852
DEBKGDL20000QGFS;DEBKGGND00001CB8;Rostock;13072;AX_KreisRegion (Landkreis);LRO  BÜZ  DBR  GÜ  ROS  TET;121318;535443;3711743.646104338;5980480.983313009;711588.598847579;5978525.542569449
DEBKGDL20000E375;DEBKGGND00001ALO;Rostock;13003;AX_KreisRegion (Kreisfreie Stadt);HRO;120810;540519;3705246.700928734;5999884.646417813;705094.5019936492;5997921.462133269
DEBKGDL20000E1F3;DEBKGGND00001GBK;Rotenburg (Wümme);03357;AX_KreisRegion (Landkreis);ROW  BRV;091827;531501;3520589.9892335646;5902091.404625427;520510.8138888862;5900170.697048398
DEBKGDL20000E2TX;DEBKGGND00001HDP;Roth;09576;AX_KreisRegion (Landkreis);RH  HIP;110726;491210;3654842.368817129;5453916.628353477;654705.2631628114;5452174.018987238
DEBKGDL20000E291;DEBKGGND0000191P;Rottal-Inn;09277;AX_KreisRegion (Landkreis);PAN  EG  GRI;125203;482528;3786285.2738278187;5372417.727893105;786094.5800553979;5370707.466219886
DEBKGDL20000DWZH;DEBKGGND00001GDM;Rottweil;08325;AX_KreisRegion (Landkreis);RW;083157;481515;3465350.027013801;5346354.976905122;465288.48556457914;5344655.814197175
DEBKGDL20000DZT7;DEBKGGND00001FQ8;Saale-Holzland-Kreis;16074;AX_KreisRegion (Landkreis);SHK  EIS  SRO;114353;505415;3692186.145586396;5644533.696670875;692035.256755261;5642714.075228823
DEBKGDL20000E0F6;DEBKGGND00001FF0;Saale-Orla-Kreis;16075;AX_KreisRegion (Landkreis);SOK  LBS  PN  SCZ;114238;503450;3692043.2713419744;5608505.687656265;691892.0420506824;5606700.567802466
DEBKGDL20000E247;DEBKGGND00001CUA;Saalekreis;15088;AX_KreisRegion (Landkreis);SK  MER  MQ  QFT;120019;512023;3709470.5094730933;5693743.681723171;709312.9976997572;5691904.288528309
DEBKGDL20000E6O4;DEBKGGND00001HHW;Saalfeld-Rudolstadt;16073;AX_KreisRegion (Landkreis);SLF  RU;111833;503816;3663419.69189118;5613889.955991173;663280.0339227112;5612082.936893581
DEBKGDL20000E68X;DEBKGGND00001HSJ;Saarlouis;10044;AX_KreisRegion (Landkreis);SLS;064618;491851;3338066.377643642;5466511.515583092;338055.2448472907;5464764.958941635
DEBKGDL20000E11A;DEBKGGND00001BY9;Saarpfalz-Kreis;10045;AX_KreisRegion (Landkreis);HOM;071432;491455;3372094.294606494;5458323.542054898;372069.6968402251;5456580.065570914
DEBKGDL20000E1GA;DEBKGGND0000191R;Salzgitter;03102;AX_KreisRegion (Kreisfreie Stadt);SZ;101942;520938;3590980.0245313183;5781606.855615261;590871.1140164805;5779732.985862413
DEBKGDL20000E2M5;DEBKGGND00001EP3;Salzlandkreis;15089;AX_KreisRegion (Landkreis);SLK  ASL  BBG  SBK  SFT;113833;515105;3682145.3783412413;5749684.317107063;681999.6337164437;5747822.612941991
DEBKGDL20000E2WJ;DEBKGGND00001GYT;Schaumburg;03257;AX_KreisRegion (Landkreis);SHG  RI;091223;521734;3514156.587525819;5795495.384197206;514078.4246437932;5793617.130868836
DEBKGDL20000E6CZ;DEBKGGND00001AP8;Schleswig-Flensburg;01059;AX_KreisRegion (Kreis);SL;092954;543723;3532259.5937093915;6054938.71115474;532178.7734962149;6052956.88561863
DEBKGDL20000E2JO;DEBKGGND00001BAU;Schmalkalden-Meiningen;16066;AX_KreisRegion (Landkreis);SM  MGN;102418;503750;3599478.452259479;5611493.143913029;599364.3196261581;5609687.744314249
DEBKGDL20000DYLW;DEBKGGND00001EML;Schwabach;09565;AX_KreisRegion (Kreisfreie Stadt);SC;110115;491946;3646960.4788896595;5467804.964120929;646826.544361872;5466056.850060769
DEBKGDL20000DXYV;DEBKGGND00001E5E;Schwalm-Eder-Kreis;06634;AX_KreisRegion (Landkreis);HR  FZ  MEG  ZIG;092224;510125;3526272.14281172;5654338.971413016;526187.5679518321;5652516.974717368
DEBKGDL20000E2NP;DEBKGGND0000198U;Schwandorf;09376;AX_KreisRegion (Landkreis);SAD  BUL  NAB  NEN  OVI  ROD;121510;492204;3736319.976214192;5475187.363422406;736149.9380396036;5473435.822772481
DEBKGDL20000E678;DEBKGGND00001I3I;Schwarzwald-Baar-Kreis;08326;AX_KreisRegion (Landkreis);VS;082440;480108;3456154.587744103;5320269.968938362;456096.70035545423;5318581.13102706
DEBKGDL20000E09P;DEBKGGND00001D94;Schweinfurt;09678;AX_KreisRegion (Landkreis);SW  GEO;101442;495657;3589421.7814584235;5535498.365989345;589311.2930282743;5533723.313854011
DEBKGDL20000DWGM;DEBKGGND00001BZQ;Schweinfurt;09662;AX_KreisRegion (Kreisfreie Stadt);SW;101401;500248;3588440.5307891113;5546329.833064137;588330.481479139;5544550.425030641
DEBKGDL20000E26X;DEBKGGND00001E6N;Schwerin;13004;AX_KreisRegion (Kreisfreie Stadt);SN;112452;533743;3659791.038909721;5946845.248090217;659656.6381005939;5944903.989574866
DEBKGDL20000E3WD;DEBKGGND00001EYM;Schwäbisch Hall;08127;AX_KreisRegion (Landkreis);SHA  BK  CR;095431;490840;3566372.716755385;5445637.766355966;566270.9255792;5443898.846432628
DEBKGDL20000E6GP;DEBKGGND00001A1I;Segeberg;01060;AX_KreisRegion (Kreis);SE;100826;535512;3575005.0128248865;5977170.381849189;574905.4856093638;5975218.578217351
DEBKGDL20000E1WH;DEBKGGND00001933;Siegen-Wittgenstein;05970;AX_KreisRegion (Kreis);SI  BLB;081141;505616;3443471.6378602637;5645018.785168024;443419.78510100645;5643201.213781143
DEBKGDL20000E2FB;DEBKGGND00001I64;Sigmaringen;08437;AX_KreisRegion (Landkreis);SIG;091428;480220;3518053.2968459437;5322354.666037027;517970.7334725357;5320665.153712292
DEBKGDL20000E47C;DEBKGGND00001GFI;Soest;05974;AX_KreisRegion (Kreis);SO  LP;081303;513352;3445810.021138377;5714730.02969288;445757.72185686626;5712884.957019817
DEBKGDL20000DWDD;DEBKGGND00001J28;Solingen;05122;AX_KreisRegion (Kreisfreie Stadt);SG;070458;511018;3366001.521047703;5672481.350897035;365980.4609462385;5670653.5899872705
DEBKGDL20000DYQA;DEBKGGND00001ECE;Sonneberg;16072;AX_KreisRegion (Landkreis);SON  NH;110759;502452;3651676.8082728167;5588697.900114426;651541.6240403748;5586901.080744368
DEBKGDL20000E5YO;DEBKGGND00001I3L;Speyer;07318;AX_KreisRegion (Kreisfreie Stadt);SP;082612;491858;3459110.012160272;5464502.9631579025;459051.03177869064;5462756.770967585
DEBKGDL20000E27W;DEBKGGND00001AV7;Spree-Neiße;12071;AX_KreisRegion (Landkreis);SPN  FOR  GUB  SPB;143543;514122;3886855.8609111384;5743199.610709753;886627.8093686396;5741337.976509746
DEBKGDL20000E1WW;DEBKGGND00001FRQ;St. Ingbert;100450117117;AX_Gemeinde;IGB;070655;491644;3362942.691631795;5461922.170163216;362921.7214378132;5460177.319272475
DEBKGDL20000E68V;DEBKGGND00003ETM;St. Wendel;10046;AX_KreisRegion (Landkreis);WND;070602;493110;3362540.723857389;5488703.537359716;362520.02645400097;5486948.109529191
DEBKGDL20000E1SP;DEBKGGND00001IXJ;Stade;03359;AX_KreisRegion (Landkreis);STD;092506;533442;3527771.5583558674;5938618.42950929;527690.0579811338;5936683.090796228
DEBKGDL20000E5HE;DEBKGGND000019Q6;Starnberg;09188;AX_KreisRegion (Landkreis);STA  WOR;111654;480021;3670327.8899355642;5321171.713972046;670183.8500462499;5319482.598674796
DEBKGDL20000E3LU;DEBKGGND00001CWZ;Steinburg;01061;AX_KreisRegion (Kreis);IZ;093110;535544;3534196.722109465;5977699.421202351;534113.4486699777;5975748.231564898
DEBKGDL20000E22T;DEBKGGND00001C41;Steinfurt;05566;AX_KreisRegion (Kreis);ST  BF  TE;073445;521241;3402961.4287254843;5787389.224528589;402927.3049016933;5785515.828081715
DEBKGDL20000E65Z;DEBKGGND00001DNA;Stendal;15090;AX_KreisRegion (Landkreis);SDL  HV  OBG;115023;524149;3692035.7423989163;5844245.070577059;691887.1026008265;5842344.99826987
DEBKGDL20000E05T;DEBKGGND00001FRO;Stormarn;01062;AX_KreisRegion (Kreis);OD;101954;534314;3587974.416958574;5955210.959920389;587869.2634191528;5953267.663704627
DEBKGDL20000E4XP;DEBKGGND00001AEQ;Stralsund;130730088088;AX_Gemeinde;HST;130524;541850;3766178.732722745;6028147.783010527;766002.2278413516;6026172.45344986
DEBKGDL20000E70T;DEBKGGND00001I0P;Straubing;09263;AX_KreisRegion (Kreisfreie Stadt);SR;123421;485233;3762108.262770487;5421542.818578649;761927.4946239529;5419812.82677351
DEBKGDL20000E2EO;DEBKGGND00001CBB;Straubing-Bogen;09278;AX_KreisRegion (Landkreis);SR  BOG  MAL;124204;485603;3771219.6562644322;5428461.119842143;771035.2576437679;5426728.301999432
DEBKGDL20000DZKR;DEBKGGND00001AXL;Stuttgart;08111;AX_KreisRegion (Stadtkreis);S;091040;484633;3513138.7311750087;5404272.412503147;513058.15468044125;5402550.141164388
DEBKGDL20000HJU7;DEBKGGND00003ETR;Städteregion Aachen;05334;AX_KreisRegion (Kreis);AC  MON;061302;504357;3303619.2248564023;5625582.587088381;303622.3629513836;5623773.622355766
DEBKGDL20000E053;DEBKGGND00001GYJ;Suhl;16054;AX_KreisRegion (Kreisfreie Stadt);SHL;104113;503634;3619480.7440447956;5609568.251353609;619358.6020038;5607763.4156663045
DEBKGDL20000HFQR;DEBKGGND00001EZA;Sächsische Schweiz-Osterzgebirge;14628;AX_KreisRegion (Landkreis);PIR  DW  FTL  SEB;133929;505231;3827859.1291722497;5648114.080849101;827653.2793927975;5646291.840467741
DEBKGDL20000DXI8;DEBKGGND00001ESZ;Sömmerda;16068;AX_KreisRegion (Landkreis);SÖM;110917;510928;3650809.174473345;5671413.471330728;650675.1792411681;5669583.507058749
DEBKGDL20000E0ID;DEBKGGND000019YT;Südliche Weinstraße;07337;AX_KreisRegion (Landkreis);SÜW;080455;490712;3433056.655184102;5442925.335964493;433007.9552009597;5441187.807657862
DEBKGDL20000E6XH;DEBKGGND00001D4P;Südwestpfalz;07340;AX_KreisRegion (Landkreis);PS  ZW;074603;491201;3410249.4897584496;5452207.541029237;410209.846574017;5450466.4080276005
DEBKGDL20000E5I0;DEBKGGND00001C6W;Teltow-Fläming;12072;AX_KreisRegion (Landkreis);TF;131633;520422;3793193.244033088;5779646.263157126;793003.2134119157;5777771.149468946
DEBKGDL20000E0ED;DEBKGGND00001IXX;Tirschenreuth;09377;AX_KreisRegion (Landkreis);TIR  KEM;122155;495333;3741867.2809762354;5533900.423220509;741695.4406877584;5532125.023854285
DEBKGDL20000E2VS;DEBKGGND00001H19;Traunstein;09189;AX_KreisRegion (Landkreis);TS  LF;123445;475339;3767708.6514892546;5312431.431323957;767525.2105887015;5310745.447893498
DEBKGDL20000E6QK;DEBKGGND00001DQC;Trier;07211;AX_KreisRegion (Kreisfreie Stadt);TR;063829;494524;3330122.5935042244;5516020.15649538;330114.84106081293;5514254.049232497
DEBKGDL20000E5QI;DEBKGGND00001D5G;Trier-Saarburg;07235;AX_KreisRegion (Landkreis);TR  SAB;064236;493811;3334667.356249436;5502478.799547545;334657.7583743675;5500718.029207946
DEBKGDL20000E5PO;DEBKGGND00001HFY;Tuttlingen;08327;AX_KreisRegion (Landkreis);TUT;084739;480040;3484713.5905189477;5319246.139066888;484644.31696060894;5317557.786498833
DEBKGDL20000DZDS;DEBKGGND00001BUZ;Tübingen;08416;AX_KreisRegion (Landkreis);TÜ;085916;482854;3499162.287953799;5371554.673787673;499087.28105998616;5369845.50843438
DEBKGDL20000E3N7;DEBKGGND000019U0;Uckermark;12073;AX_KreisRegion (Landkreis);UM  ANG  PZ  SDT  TP;135141;531221;3824783.8780799243;5908138.278431201;824582.696957446;5906211.259796262
DEBKGDL20000DZUC;DEBKGGND000019SU;Uelzen;03360;AX_KreisRegion (Landkreis);UE;103253;525900;3604044.5779770887;5873462.637828437;603931.8726833356;5871552.067177421
DEBKGDL20000DW97;DEBKGGND000019DN;Ulm;08421;AX_KreisRegion (Stadtkreis);UL;095925;482354;3573413.240031752;5362767.802808796;573308.4147188098;5361062.0874168165
DEBKGDL20000E367;DEBKGGND00001AXQ;Unna;05978;AX_KreisRegion (Kreis);UN  LH  LÜN;074419;513248;3412575.589960331;5713220.233707803;412536.429339435;5711376.071837324
DEBKGDL20000DWPU;DEBKGGND000019G0;Unstrut-Hainich-Kreis;16064;AX_KreisRegion (Landkreis);UH  LSZ  MHL;103307;511107;3608577.3893794613;5673401.95463841;608460.3250658023;5671571.694526348
DEBKGDL20000E2AU;DEBKGGND00001JW0;Unterallgäu;09778;AX_KreisRegion (Landkreis);MN;102328;480225;3603815.350086306;5323391.64808768;603698.2844076222;5321701.697726716
DEBKGDL20000E1VY;DEBKGGND000019D8;Vechta;03460;AX_KreisRegion (Landkreis);VEC;081322;523936;3447483.540739001;5836623.725529059;447432.45972215483;5834730.111913303
DEBKGDL20000E03U;DEBKGGND0000192X;Verden;03361;AX_KreisRegion (Landkreis);VER;091033;525823;3511875.0214036144;5871208.005426041;511798.86564620706;5869299.693831515
DEBKGDL20000E07Q;DEBKGGND00001JI8;Viersen;05166;AX_KreisRegion (Kreis);VIE  KK;061934;511658;3313524.1168809533;5686505.632869984;313523.767098833;5684672.813239451
DEBKGDL20000E4Q1;DEBKGGND00001DTF;Vogelsbergkreis;06535;AX_KreisRegion (Landkreis);VB;091617;503817;3519277.1632440933;5611410.976896066;519195.0708989045;5609606.086925714
DEBKGDL20000HFQJ;DEBKGGND00001CAI;Vogtlandkreis;14523;AX_KreisRegion (Landkreis);V  AE  OVL  PL  RC;121406;502724;3729787.3128958363;5596209.953683261;729620.4482536871;5594409.803218712
DEBKGDL20000QGHU;DEBKGGND00001BAZ;Vorpommern-Greifswald;13075;AX_KreisRegion (Landkreis);VG  ANK  GW  OVP  PW  SBG  UEM  UER  WLG;140360;533447;3835525.4081366933;5950642.575454666;835320.2152652415;5948698.365406126
DEBKGDL20000QGFT;DEBKGGND00001JD9;Vorpommern-Rügen;13073;AX_KreisRegion (Landkreis);VR  GMN  NVP  RDG  RÜG;124853;541247;3748881.6240077107;6015916.172399702;748711.9468257121;6013945.987251541
DEBKGDL20000E3WM;DEBKGGND00001H4E;Vulkaneifel;07233;AX_KreisRegion (Landkreis);DAU;064456;501418;3339480.110624329;5569340.281344378;339468.84153410443;5567553.17897271
DEBKGDL20000E5FJ;DEBKGGND00001J9V;Völklingen;100410519519;AX_Gemeinde;VK;065116;491459;3343863.3177053286;5459161.497373312;343849.86854052386;5457417.825007988
DEBKGDL20000DYV9;DEBKGGND00001HIM;Waldeck-Frankenberg;06635;AX_KreisRegion (Landkreis);KB  FKB  WA;085319;511125;3492284.0526325735;5672827.409885738;492213.1083512481;5670998.3293189695
DEBKGDL20000E5QC;DEBKGGND00001CAR;Waldshut;08337;AX_KreisRegion (Landkreis);WT;081308;474150;3441436.335684284;5284609.5226825625;441384.3316857524;5282934.821449845
DEBKGDL20000E22S;DEBKGGND000019CJ;Warendorf;05570;AX_KreisRegion (Kreis);WAF  BE;075731;515212;3428342.8342530834;5748960.397532351;428297.98043787177;5747101.926579692
DEBKGDL20000E0FX;DEBKGGND00001AAB;Wartburgkreis;16063;AX_KreisRegion (Landkreis);WAK  SLZ;101237;505308;3585234.5568399206;5639607.487333236;585126.4278198523;5637790.985365068
DEBKGDL20000E0QG;DEBKGGND00003ETO;Weiden i.d. OPf.;09363;AX_KreisRegion (Kreisfreie Stadt);WEN;120937;494034;3728148.8179300115;5509177.288343608;727982.2909508388;5507412.034045859
DEBKGDL20000E1L1;DEBKGGND00001I70;Weilheim-Schongau;09190;AX_KreisRegion (Landkreis);WM  SOG;110426;474853;3655385.8731805803;5299479.096065566;655247.8177486137;5297798.750183988
DEBKGDL20000DWTN;DEBKGGND00001J35;Weimar;16055;AX_KreisRegion (Kreisfreie Stadt);WE;111947;505851;3663674.6425008173;5652091.605359677;663535.2837596964;5650269.240899437
DEBKGDL20000E01G;DEBKGGND00001GPR;Weimarer Land;16071;AX_KreisRegion (Landkreis);AP  APD;113257;510304;3678800.751281403;5660438.418272399;678655.3678260235;5658612.602192324
DEBKGDL20000DYL4;DEBKGGND00001G4Z;Weißenburg-Gunzenhausen;09577;AX_KreisRegion (Landkreis);WUG  GUN;105337;490157;3638547.787806154;5434545.998974159;638416.9964328357;5432811.176519145
DEBKGDL20000DZH1;DEBKGGND00001JI1;Werra-Meißner-Kreis;06636;AX_KreisRegion (Landkreis);ESW  WIZ;095545;511126;3565030.5983197256;5673264.527209095;564930.7811369905;5671434.731900332
DEBKGDL20000DZWU;DEBKGGND00001HXX;Wesel;05170;AX_KreisRegion (Kreis);WES  DIN  MO;063706;513737;3335156.6780385748;5724080.410854166;335148.16230191116;5722232.646470663
DEBKGDL20000E29G;DEBKGGND00001HWK;Wesermarsch;03461;AX_KreisRegion (Landkreis);BRA;082325;532120;3459475.7880037567;5913912.352887486;459421.072644331;5911987.829962488
DEBKGDL20000E5ZP;DEBKGGND000019NS;Westerwaldkreis;07143;AX_KreisRegion (Landkreis);WW;075155;503308;3419664.9994603707;5602453.692299403;419622.2610790281;5600653.134430326
DEBKGDL20000DW5V;DEBKGGND00001GOW;Wetteraukreis;06440;AX_KreisRegion (Landkreis);FB  BÜD;085428;502117;3493501.666134138;5579879.349016411;493429.6024813166;5578087.169535561
DEBKGDL20000E71O;DEBKGGND00001E7C;Wetzlar;065320023023;AX_Gemeinde;WZ;083004;503316;3464716.525011827;5602198.403005223;464656.0590393287;5600397.561269752
DEBKGDL20000DYOQ;DEBKGGND00001GJC;Wiesbaden;06414;AX_KreisRegion (Kreisfreie Stadt);WI;081421;500454;3445617.218592658;5549771.432790879;445563.9866933945;5547991.543930871
DEBKGDL20000003Y;DEBKGGND00001J82;Wilhelmshaven;03405;AX_KreisRegion (Kreisfreie Stadt);WHV;080640;533113;3441116.7599755907;5932451.554689557;441069.6068899768;5930519.9312621085
DEBKGDL20000E4LM;DEBKGGND00001D6H;Wismar;130740087087;AX_Gemeinde;HWI;112758;535330;3662186.307009688;5976229.884529176;662051.2427313211;5974276.767102978
DEBKGDL20000E14U;DEBKGGND00001I47;Wittenberg;15091;AX_KreisRegion (Landkreis);WB  GHC  JE;124207;514913;3755288.4419061113;5749382.094139434;755113.1262801166;5747519.731850717
DEBKGDL20000DZZH;DEBKGGND00001IR2;Wittmund;03462;AX_KreisRegion (Landkreis);WTM;074238;533352;3414642.01039568;5937784.841988796;414605.455221119;5935851.471995103
DEBKGDL20000E4D9;DEBKGGND00001IFH;Wolfenbüttel;03158;AX_KreisRegion (Landkreis);WF;103849;520807;3612837.8853463912;5779241.740885499;612720.2609530377;5777368.538264966
DEBKGDL20000E5XP;DEBKGGND00001FFH;Wolfsburg;03103;AX_KreisRegion (Kreisfreie Stadt);WOB;104706;522519;3621499.6598216565;5811353.8333025975;621379.0615741841;5809467.684484256
DEBKGDL20000DY9A;DEBKGGND000019CA;Worms;07319;AX_KreisRegion (Kreisfreie Stadt);WO;082142;493747;3453961.899358094;5499430.19862511;453905.0724922105;5497670.228910133
DEBKGDL20000E3J6;DEBKGGND00003ETQ;Wunsiedel i. Fichtelgebirge;09479;AX_KreisRegion (Landkreis);WUN  MAK  REH  SEL;120231;500524;3717735.995461204;5554865.7322908;717574.1021265128;5553082.1120670205
DEBKGDL20000E6X8;DEBKGGND00001JEJ;Wuppertal;05124;AX_KreisRegion (Kreisfreie Stadt);W;071145;511617;3374173.5607684874;5683371.919065999;374149.36976072146;5681539.785907083
DEBKGDL20000E5RY;DEBKGGND00001D41;Würzburg;09663;AX_KreisRegion (Kreisfreie Stadt);WÜ;095614;494738;3567558.030252937;5517908.622661634;567456.1382019648;5516140.693660643
DEBKGDL20000E16S;DEBKGGND00001CHC;Würzburg;09679;AX_KreisRegion (Landkreis);WÜ  OCH;094555;494739;3555177.123127241;5517784.992876598;555080.1580350944;5516017.1529226005
DEBKGDL20000E31Y;DEBKGGND00001GD0;Zollernalbkreis;08417;AX_KreisRegion (Landkreis);BL  HCH;085615;481602;3495433.0960597396;5347701.161592359;495359.606800914;5346001.533843494
DEBKGDL20000DZER;DEBKGGND00001BX3;Zweibrücken;07320;AX_KreisRegion (Kreisfreie Stadt);ZW;072147;491457;3380902.888178833;5458190.257530101;380874.81666179735;5456446.79602478
DEBKGDL20000HFQK;DEBKGGND00001ADJ;Zwickau;14524;AX_KreisRegion (Landkreis);Z  GC  HOT  WDA;123133;504502;3748864.111149528;5629842.333982387;748689.9670145458;5628028.383493539
